id,name,url,minPrice,maxPrice,image
1,Balo Ä‘i há»c ná»¯ thá»i trang Ä‘áº¹p ráº» dá»… thÆ°Æ¡ng BL03,https://shopee.vn/Balo-Ä‘i-há»c-ná»¯-thá»i-trang-Ä‘áº¹p-ráº»-dá»…-thÆ°Æ¡ng-BL03-i.296347118.10525829944?ads_keyword=balo%20n%E1%BB%AF%20th%E1%BB%9Di%20trang&adsid=18210319&campaignid=10121584&position=0,28000.00,130000.00,
2,"Balo Ulzzang Basic Ä‘i há»c nam ná»¯, balo chá»‘ng nÆ°á»›c 607ULZ",https://shopee.vn/Balo-Ulzzang-Basic-Ä‘i-há»c-nam-ná»¯-balo-chá»‘ng-nÆ°á»›c-607ULZ-i.402930676.8075922726?ads_keyword=balo&adsid=17638524&campaignid=9797272&position=1,89000.00,146000.00,
3,BALO ULZZANG BASIC ( chá»‘ng nÆ°á»›c ),https://shopee.vn/BALO-ULZZANG-BASIC-(-chá»‘ng-nÆ°á»›c-)-i.42723348.10335371938?ads_keyword=balo&adsid=18440042&campaignid=10256990&position=2,119000.00,119000.00,
4,Balo ná»¯ Ä‘áº¹p Ä‘i há»c thá»i trang hÃ n cute dá»… thÆ°Æ¡ng cÃ¡ tÃ­nh giÃ¡ ráº» BL85 (KhÃ´ng mÃ³c treo),https://shopee.vn/Balo-ná»¯-Ä‘áº¹p-Ä‘i-há»c-thá»i-trang-hÃ n-cute-dá»…-thÆ°Æ¡ng-cÃ¡-tÃ­nh-giÃ¡-ráº»-BL85-(KhÃ´ng-mÃ³c-treo)-i.55849425.2974488557?ads_keyword=balo&adsid=16697377&campaignid=9258669&position=3,129000.00,165000.00,
5,Balo ná»¯ Ä‘áº¹p Ä‘i há»c thá»i trang hÃ n quá»‘c dá»… thÆ°Æ¡ng cute cÃ¡ tÃ­nh giÃ¡ ráº» BL83 (KhÃ´ng mÃ³c treo),https://shopee.vn/Balo-ná»¯-Ä‘áº¹p-Ä‘i-há»c-thá»i-trang-hÃ n-quá»‘c-dá»…-thÆ°Æ¡ng-cute-cÃ¡-tÃ­nh-giÃ¡-ráº»-BL83-(KhÃ´ng-mÃ³c-treo)-i.55849425.3493500503?ads_keyword=balo&adsid=18771875&campaignid=9951967&position=4,145000.00,145000.00,
6,BaLo Thá»i Trang Nam Ná»¯ QITI BaLo Äi Há»c Cá»•ng Sáº¡c USB Tiá»‡n Lá»£,https://shopee.vn/BaLo-Thá»i-Trang-Nam-Ná»¯-QITI-BaLo-Äi-Há»c-Cá»•ng-Sáº¡c-USB-Tiá»‡n-Lá»£-i.233145108.6056604266?position=5,229000.00,255000.00,
7,Balo thá»i trang nam ná»¯ Ä‘i há»c Ä‘i chÆ¡i du lá»‹ch phong cÃ¡ch tráº» trung Ä‘á»±ng Ä‘Æ°á»£c laptop 14-15 inch cháº¥t váº£i trÆ¡n cao cáº¥p,https://shopee.vn/Balo-thá»i-trang-nam-ná»¯-Ä‘i-há»c-Ä‘i-chÆ¡i-du-lá»‹ch-phong-cÃ¡ch-tráº»-trung-Ä‘á»±ng-Ä‘Æ°á»£c-laptop-14-15-inch-cháº¥t-váº£i-trÆ¡n-cao-cáº¥p-i.395382246.8419376795?position=6,235000.00,250000.00,
8,Balo Thá»i Trang Ulzzang Nam Ná»¯ Chá»‘ng NÆ°á»›c Mar societt,https://shopee.vn/Balo-Thá»i-Trang-Ulzzang-Nam-Ná»¯-Chá»‘ng-NÆ°á»›c-Mar-societt-i.64843176.4074134870?position=7,39900.00,42000.00,
9,"Balo ná»¯, Balo thá»i trang, giÃ¡ ráº» nhiá»u ngÄƒn Ä‘á»±ng laptop phong cÃ¡ch tráº» trung cÃ¡ tÃ­nh ULZ019",https://shopee.vn/Balo-ná»¯-Balo-thá»i-trang-giÃ¡-ráº»-nhiá»u-ngÄƒn-Ä‘á»±ng-laptop-phong-cÃ¡ch-tráº»-trung-cÃ¡-tÃ­nh-ULZ019-i.82975385.10108647104?position=8,129000.00,129000.00,
10,"Balo thá»i trang, Balo Ä‘i há»c ná»¯, nam nhiá»u ngÄƒn, Ä‘áº¹p Ä‘i chÆ¡i Ä‘á»±ng laptop trÆ¡n chá»‘ng nÆ°á»›c ULZ010",https://shopee.vn/Balo-thá»i-trang-Balo-Ä‘i-há»c-ná»¯-nam-nhiá»u-ngÄƒn-Ä‘áº¹p-Ä‘i-chÆ¡i-Ä‘á»±ng-laptop-trÆ¡n-chá»‘ng-nÆ°á»›c-ULZ010-i.82975385.9406225365?position=9,150000.00,150000.00,
11,Balo Ä‘en trÆ¡n tráº¯ng trÆ¡n cháº¥t dÃ¹ siÃªu Ä‘áº¹p( ko kÃ¨m thÃº),https://shopee.vn/Balo-Ä‘en-trÆ¡n-tráº¯ng-trÆ¡n-cháº¥t-dÃ¹-siÃªu-Ä‘áº¹p(-ko-kÃ¨m-thÃº)-i.49914351.5426483208?position=10,109000.00,139000.00,
12,"Balo nam ná»¯ Ä‘i há»c thá»i trang ulzzang HÃ n Quá»‘c SANTA STORE Ba lÃ´ cáº·p há»c sinh Ä‘áº¹p Ä‘á»±ng laptop, váº£i chá»‘ng nÆ°á»›c cao cáº¥p",https://shopee.vn/Balo-nam-ná»¯-Ä‘i-há»c-thá»i-trang-ulzzang-HÃ n-Quá»‘c-SANTA-STORE-Ba-lÃ´-cáº·p-há»c-sinh-Ä‘áº¹p-Ä‘á»±ng-laptop-váº£i-chá»‘ng-nÆ°á»›c-cao-cáº¥p-i.97915939.1614230104?position=11,145600.00,145600.00,
13,"[âš¡ï¸Sáº´N áº¾CH, Vá»ŠT] BALO ULZZANG BASIC TRÆ N ÄEN nhiá»u ngÄƒn cá»¡ lá»›n - thá»i trang HÃ n Quá»‘c",https://shopee.vn/-âš¡ï¸Sáº´N-áº¾CH-Vá»ŠT-BALO-ULZZANG-BASIC-TRÆ N-ÄEN-nhiá»u-ngÄƒn-cá»¡-lá»›n-thá»i-trang-HÃ n-Quá»‘c-i.34828171.7340218834?position=12,96000.00,163300.00,
14,Balo Degrey Basic Backpack [ áº¢nh tháº­t 100% ] ğŸ’– ğ‘­ğ‘¹ğ‘¬ğ‘¬ğ‘ºğ‘¯ğ‘°ğ‘· ğŸ’–Balo Nam _ Balo Há»c Sinh Nam,https://shopee.vn/Balo-Degrey-Basic-Backpack-áº¢nh-tháº­t-100-ğŸ’–-ğ‘­ğ‘¹ğ‘¬ğ‘¬ğ‘ºğ‘¯ğ‘°ğ‘·-ğŸ’–Balo-Nam-_-Balo-Há»c-Sinh-Nam-i.120761904.9011182263?position=13,169000.00,169000.00,
15,"Balo thá»i trang Ä‘i há»c cá»¡ lá»›n, Ä‘á»±ng laptop chá»‘ng nÆ°á»›c, nhiá»u ngÄƒn",https://shopee.vn/Balo-thá»i-trang-Ä‘i-há»c-cá»¡-lá»›n-Ä‘á»±ng-laptop-chá»‘ng-nÆ°á»›c-nhiá»u-ngÄƒn-i.219294097.7070868943?position=14,49000.00,49000.00,
16,Set vÃ¡y yáº¿m 2 lá»›p Ä‘en tráº¯ng Ä‘áº§m ná»¯ cá»™c tay dÃ i maxi dÃ¡ng xÃ²e kiá»ƒu dÃ¡ng ulzaang hÃ n quá»‘c hot trend C294,https://shopee.vn/Set-vÃ¡y-yáº¿m-2-lá»›p-Ä‘en-tráº¯ng-Ä‘áº§m-ná»¯-cá»™c-tay-dÃ i-maxi-dÃ¡ng-xÃ²e-kiá»ƒu-dÃ¡ng-ulzaang-hÃ n-quá»‘c-hot-trend-C294-i.398686834.7290169250?ads_keyword=va%CC%81y&adsid=15196585&campaignid=8403753&position=0,89000.00,89000.00,
17,Äáº§m Ã”m DÃ¡ng MÃ u TrÆ¡n Thá»i Trang MÃ¹a HÃ¨ Phong CÃ¡ch HÃ n Quá»‘c Cho Ná»¯,https://shopee.vn/Äáº§m-Ã”m-DÃ¡ng-MÃ u-TrÆ¡n-Thá»i-Trang-MÃ¹a-HÃ¨-Phong-CÃ¡ch-HÃ n-Quá»‘c-Cho-Ná»¯-i.447582574.5390624459?ads_keyword=%C4%91%E1%BA%A7m%20n%E1%BB%AF&adsid=18020659&campaignid=9568114&position=1,85000.00,85000.00,
18,ğŸ’ƒ Äáº§m Polo Ná»¯ Äen DÃ¡ng Ã”m VÃ¡y Ná»¯ Ngáº¯n Body Ngáº¯n,https://shopee.vn/ğŸ’ƒ-Äáº§m-Polo-Ná»¯-Äen-DÃ¡ng-Ã”m-VÃ¡y-Ná»¯-Ngáº¯n-Body-Ngáº¯n-i.196279464.7988772345?ads_keyword=%C4%91%E1%BA%A7m%20form%20su%C3%B4ng&adsid=16918162&campaignid=9393902&position=2,55000.00,55000.00,
19,VÃ¡y tráº¯ng kem cá»• báº» tay cá»™c há»a tiáº¿t hoa nÃ¢u,https://shopee.vn/VÃ¡y-tráº¯ng-kem-cá»•-báº»-tay-cá»™c-há»a-tiáº¿t-hoa-nÃ¢u-i.26841498.10416833018?ads_keyword=wkdaelpmissisiht&adsid=17396634&campaignid=9664215&position=3,409500.00,450000.00,
20,Set vÃ¡y 2 mÃ³n phá»‘i ren cá»±c xinh - Set vÃ¡y 2 dÃ¢y kÃ¨m Ã¡o khoÃ¡c ngoÃ i cháº¥t thun freesize phom Ã´m cÃ³ xáº» Ä‘Ã¹i phá»‘i ren C312,https://shopee.vn/Set-vÃ¡y-2-mÃ³n-phá»‘i-ren-cá»±c-xinh-Set-vÃ¡y-2-dÃ¢y-kÃ¨m-Ã¡o-khoÃ¡c-ngoÃ i-cháº¥t-thun-freesize-phom-Ã´m-cÃ³-xáº»-Ä‘Ã¹i-phá»‘i-ren-C312-i.398686834.5290640735?ads_keyword=va%CC%81y&adsid=15734475&campaignid=8698179&position=4,79000.00,79000.00,
21,ğŸ’ƒ Äáº§m Polo Ná»¯ Äen DÃ¡ng Ã”m VÃ¡y Ná»¯ Ngáº¯n Body Ngáº¯n,https://shopee.vn/ğŸ’ƒ-Äáº§m-Polo-Ná»¯-Äen-DÃ¡ng-Ã”m-VÃ¡y-Ná»¯-Ngáº¯n-Body-Ngáº¯n-i.196279464.7988772345?position=5,55000.00,55000.00,
22,"VÃ¡y 2 dÃ¢y tráº¯ng xoÃ¨ ná»¯, Ä‘áº§m 2 daÌ‚y buá»™c nÆ¡ hÃ n quá»‘c V8 thá»i trang ná»¯ emmei",https://shopee.vn/VÃ¡y-2-dÃ¢y-tráº¯ng-xoÃ¨-ná»¯-Ä‘áº§m-2-daÌ‚y-buá»™c-nÆ¡-hÃ n-quá»‘c-V8-thá»i-trang-ná»¯-emmei-i.397574902.10407482276?position=6,69000.00,69000.00,
23,VÃY TENNIS KIá»‚U DÃNG Xáº¾P LY CÃ“ Náº¾P Gáº¤P Cá»°C Äáº¸P ( CÃ“ QUáº¦N Báº¢O Há»˜ TRONG ),https://shopee.vn/VÃY-TENNIS-KIá»‚U-DÃNG-Xáº¾P-LY-CÃ“-Náº¾P-Gáº¤P-Cá»°C-Äáº¸P-(-CÃ“-QUáº¦N-Báº¢O-Há»˜-TRONG-)-i.100748529.8535562947?position=7,29000.00,33000.00,
24,VÃ¡y Tiá»ƒu ThÆ° Tráº¯ng Trá»… Vai Hoáº·c Cá»• VuÃ´ng Vintage â¤ Äáº§m XÃ²e 2 Lá»›p cÃ³ lÃ³t trong Máº·c Nhiá»u Kiá»ƒu giÃ¡ ráº»ğŸ‘—Äáº§m tiá»ƒu thÆ° Maxi,https://shopee.vn/VÃ¡y-Tiá»ƒu-ThÆ°-Tráº¯ng-Trá»…-Vai-Hoáº·c-Cá»•-VuÃ´ng-Vintage-â¤-Äáº§m-XÃ²e-2-Lá»›p-cÃ³-lÃ³t-trong-Máº·c-Nhiá»u-Kiá»ƒu-giÃ¡-ráº»ğŸ‘—Äáº§m-tiá»ƒu-thÆ°-Maxi-i.43806869.5577741323?position=8,14000.00,70000.00,
72,"Ão thun tay lá»¡ nam ná»¯ , Ã¡o phÃ´ng form rá»™ng cháº¥t cotton mÃ¡t má»‹n tháº¥m hÃºt má»“ hÃ´i in hÃ¬nh SUN",https://shopee.vn/Ão-thun-tay-lá»¡-nam-ná»¯-Ã¡o-phÃ´ng-form-rá»™ng-cháº¥t-cotton-mÃ¡t-má»‹n-tháº¥m-hÃºt-má»“-hÃ´i-in-hÃ¬nh-SUN-i.32239491.9747509742?position=11,54000.00,54000.00,
25,"Äáº§m tay bá»“ng vÃ¡y hai dÃ¢y ğŸ”¥áº¢NH THáº¬TğŸ”¥ máº«u vÃ¡y bÃ¡nh bÃ¨o ná»¯ Ä‘áº§m xÃ²e Ä‘áº¹p máº·c káº¿t há»£p hoáº·c máº·c rá»i Ä‘á»u Ä‘Æ°á»£c, siÃªu xinh -L013",https://shopee.vn/Äáº§m-tay-bá»“ng-vÃ¡y-hai-dÃ¢y-ğŸ”¥áº¢NH-THáº¬TğŸ”¥-máº«u-vÃ¡y-bÃ¡nh-bÃ¨o-ná»¯-Ä‘áº§m-xÃ²e-Ä‘áº¹p-máº·c-káº¿t-há»£p-hoáº·c-máº·c-rá»i-Ä‘á»u-Ä‘Æ°á»£c-siÃªu-xinh-L013-i.241021615.6458927457?position=9,30000.00,139000.00,
26,"[QuaÌ€ tÄƒÌ£ng viÃªn keÌ£o]VÃ¡y 2 dÃ¢y cÃ¡nh tiÃªn mÃ u tráº¯ng cÃ³ Ä‘á»‡m ngá»±c,Äáº§m body hai dÃ¢y vai kiá»ƒu HÃ n Quá»‘c <53kg",https://shopee.vn/-QuaÌ€-tÄƒÌ£ng-viÃªn-keÌ£o-VÃ¡y-2-dÃ¢y-cÃ¡nh-tiÃªn-mÃ u-tráº¯ng-cÃ³-Ä‘á»‡m-ngá»±c-Äáº§m-body-hai-dÃ¢y-vai-kiá»ƒu-HÃ n-Quá»‘c-53kg-i.410883737.10235532370?position=10,75000.00,75000.00,
27,[SALE GIÃ Gá»C]Äáº§m Tráº¯ng CÃ´ng ChÃºa Tiá»ƒu ThÆ° Tay voan Ulzzang ğŸ–VÃ¡y Chiffon NHÃšN NGá»°C Trá»… Vai or Cá»• VuÃ´ng,https://shopee.vn/-SALE-GIÃ-Gá»C-Äáº§m-Tráº¯ng-CÃ´ng-ChÃºa-Tiá»ƒu-ThÆ°-Tay-voan-Ulzzang-ğŸ–VÃ¡y-Chiffon-NHÃšN-NGá»°C-Trá»…-Vai-or-Cá»•-VuÃ´ng-i.43806869.9754314109?position=11,35000.00,105000.00,
28,[áº¢NH THáº¬T CUá»I] Äáº§m 2 dÃ¢y trÆ¡n Ä‘en - VÃ¡y hai dÃ¢y Ã´m body quyáº¿n rÅ©,https://shopee.vn/-áº¢NH-THáº¬T-CUá»I-Äáº§m-2-dÃ¢y-trÆ¡n-Ä‘en-VÃ¡y-hai-dÃ¢y-Ã´m-body-quyáº¿n-rÅ©-i.223999588.8821898779?position=12,50000.00,50000.00,
29,[áº¢nh tháº­t/Video/Sáºµn]VÃ¡y thÃ´ Ä‘Å©i cÃºc bá»c ngá»±c xáº¿p li xinh xáº¯n/Äáº§m cÃºc bá»c thÃ´ Ä‘Å©i,https://shopee.vn/-áº¢nh-tháº­t-Video-Sáºµn-VÃ¡y-thÃ´-Ä‘Å©i-cÃºc-bá»c-ngá»±c-xáº¿p-li-xinh-xáº¯n-Äáº§m-cÃºc-bá»c-thÃ´-Ä‘Å©i-i.24190785.5087138670?position=13,138000.00,138000.00,
30,"ğŸ‰Ä‘áº§m tiá»ƒu thÆ°ğŸ‰ vÃ¡y tiá»ƒu thÆ°ğŸ‰Äáº§m Liá»n ThÃ¢n 2 DÃ¢y MÃ u Äen Buá»™c Eo DÃ¡ng Vá»«a Dá»… ThÆ°Æ¡ng, váº£i lá»¥a Ä‘Å©i cao cáº¥p máº·c thoÃ¡ng mÃ¡ttt",https://shopee.vn/ğŸ‰Ä‘áº§m-tiá»ƒu-thÆ°ğŸ‰-vÃ¡y-tiá»ƒu-thÆ°ğŸ‰Äáº§m-Liá»n-ThÃ¢n-2-DÃ¢y-MÃ u-Äen-Buá»™c-Eo-DÃ¡ng-Vá»«a-Dá»…-ThÆ°Æ¡ng-váº£i-lá»¥a-Ä‘Å©i-cao-cáº¥p-máº·c-thoÃ¡ng-mÃ¡ttt-i.316331370.9139439539?position=14,145008.00,145008.00,
31,Ão KhoÃ¡c LÃ´ng VÅ© Lining AJMN023Â® dÃ y áº¥m. k lo Ä‘áº¡i hÃ n. hÃ£ng lining xuáº¥t xá»© trung quá»‘c gom sale,https://shopee.vn/Ão-KhoÃ¡c-LÃ´ng-VÅ©-Lining-AJMN023Â®-dÃ y-áº¥m.-k-lo-Ä‘áº¡i-hÃ n.-hÃ£ng-lining-xuáº¥t-xá»©-trung-quá»‘c-gom-sale-i.223274458.11521025450?ads_keyword=a%CC%81o%20khoa%CC%81c&adsid=18702314&campaignid=9768320&position=0,912000.00,912000.00,https://cf.shopee.vn/file/d7e1192a8a25969995bcd36536de3ab6_tn
32,Ão KhoÃ¡c Hoodie QuÃ¢y Viá»n Tay Bá»“ng ğŸ¦‹ Ão Ná»‰ Ná»¯ KhÃ³a KÃ©o KÃ¨m MÅ© 3 MÃ u ğŸ¦‹,https://shopee.vn/Ão-KhoÃ¡c-Hoodie-QuÃ¢y-Viá»n-Tay-Bá»“ng-ğŸ¦‹-Ão-Ná»‰-Ná»¯-KhÃ³a-KÃ©o-KÃ¨m-MÅ©-3-MÃ u-ğŸ¦‹-i.174530170.8581522234?ads_keyword=%C3%A1o%20kho%C3%A1c%20n%E1%BB%AF&adsid=18856963&campaignid=10491347&position=1,70000.00,70000.00,https://cf.shopee.vn/file/588db131e45c896190695428a88b6490_tn
33,"AÌo bomber khoÃ¡c 09 cháº¥t ná»‰ cao cáº¥p, Ã¡o khoÃ¡c ná»‰ phá»‘i tay tráº¯ng MB001",https://shopee.vn/AÌo-bomber-khoÃ¡c-09-cháº¥t-ná»‰-cao-cáº¥p-Ã¡o-khoÃ¡c-ná»‰-phá»‘i-tay-tráº¯ng-MB001-i.396435701.7192752166?ads_keyword=%C3%A1o%20kho%C3%A1c&adsid=18637565&campaignid=10367444&position=2,115000.00,115000.00,https://cf.shopee.vn/file/01fac8a4ab6916af285fa87d85805b81_tn
34,Ão KhoÃ¡c GiÃ³ Ná»¯ Hai Lá»›p CÃ³ MÅ© ThÆ°Æ¡ng Hiá»‡u YODY Ão GiÃ³ Ná»¯ KhÃ³a KÃ©o - AKN4024,https://shopee.vn/Ão-KhoÃ¡c-GiÃ³-Ná»¯-Hai-Lá»›p-CÃ³-MÅ©-ThÆ°Æ¡ng-Hiá»‡u-YODY-Ão-GiÃ³-Ná»¯-KhÃ³a-KÃ©o-AKN4024-i.400752670.10246285965?ads_keyword=a%CC%81o%20khoa%CC%81c%20gio%CC%81&adsid=18859751&campaignid=10493090&position=3,499000.00,499000.00,https://cf.shopee.vn/file/95c9801a5e51ac2f7f4c02c6aea86393_tn
35,"HOT ÃO KHOÃC JEANS Ná»®, ÃO KHOÃC BÃ’ Ná»® CROTOP Cá»°C CHáº¤T",https://shopee.vn/HOT-ÃO-KHOÃC-JEANS-Ná»®-ÃO-KHOÃC-BÃ’-Ná»®-CROTOP-Cá»°C-CHáº¤T-i.30429995.13206435948?ads_keyword=wkdaelpmissisiht&adsid=18865771&campaignid=10496554&position=4,180000.00,180000.00,https://cf.shopee.vn/file/9390e6d57781a479ad42cfff08b880bb_tn
36,Ão KhoÃ¡c Cardigan Unisexâ¤ï¸Ão Cardigan SNOPPY/BEMBO form rá»™ng Ulzzang Unisex Nam/Ná»¯ (video tháº­t 100% táº¡i Shop),https://shopee.vn/Ão-KhoÃ¡c-Cardigan-Unisexâ¤ï¸Ão-Cardigan-SNOPPY-BEMBO-form-rá»™ng-Ulzzang-Unisex-Nam-Ná»¯-(video-tháº­t-100-táº¡i-Shop)-i.345492648.7491654407?position=5,59900.00,59900.00,https://cf.shopee.vn/file/75b920cda605ebfc0a17d49b815bef5e_tn
37,Ão KhoÃ¡c Hoodie Ná»‰ TrÆ¡n UnisexğŸŒ¸[FREESHIP] Ão tay bá»“ng khÃ³a kÃ©o cÃ³ mÅ© hÃ ng thu Ä‘Ã´ng,https://shopee.vn/Ão-KhoÃ¡c-Hoodie-Ná»‰-TrÆ¡n-UnisexğŸŒ¸-FREESHIP-Ão-tay-bá»“ng-khÃ³a-kÃ©o-cÃ³-mÅ©-hÃ ng-thu-Ä‘Ã´ng-i.64457418.8990857371?position=6,79050.00,79050.00,https://cf.shopee.vn/file/2704b5455392187e7546f1f363e23b3b_tn
38,[CHUáº¨N SHOP] Ão KhoÃ¡c Nhung TÄƒm Form COW Ulzzang Logo BÃ² Sá»¯a Tay Phá»“ng CÃ³ DÃ¢y Äiá»u Chá»‰nh MÅ©,https://shopee.vn/-CHUáº¨N-SHOP-Ão-KhoÃ¡c-Nhung-TÄƒm-Form-COW-Ulzzang-Logo-BÃ²-Sá»¯a-Tay-Phá»“ng-CÃ³-DÃ¢y-Äiá»u-Chá»‰nh-MÅ©-i.47462746.3793342807?position=7,25000.00,98000.00,https://cf.shopee.vn/file/8c3f5d1a3b5a7cdcf9ecbbad19bc1a1e_tn
39,Ão KhoÃ¡c DÃ¹ TMS LOGO MIDSIDE Nam Ná»¯ Ulzzang Unisex Form Rá»™ng Bomber 7zia Jacket - Sayhey Clothing,https://shopee.vn/Ão-KhoÃ¡c-DÃ¹-TMS-LOGO-MIDSIDE-Nam-Ná»¯-Ulzzang-Unisex-Form-Rá»™ng-Bomber-7zia-Jacket-Sayhey-Clothing-i.160438961.4490494023?position=8,89000.00,89000.00,https://cf.shopee.vn/file/8648fa9dbb866fa492c2a27a0e01b115_tn
40,Ão Bomber/ Ão khoÃ¡c nhung tÄƒm Cáº§u Vá»“ng DeepEnd cÃºc báº¥m nam ná»¯ SS thá»i trang thu Ä‘Ã´ng unisex freesize giÃ¡ ráº» form thá»¥ng,https://shopee.vn/Ão-Bomber-Ão-khoÃ¡c-nhung-tÄƒm-Cáº§u-Vá»“ng-DeepEnd-cÃºc-báº¥m-nam-ná»¯-SS-thá»i-trang-thu-Ä‘Ã´ng-unisex-freesize-giÃ¡-ráº»-form-thá»¥ng-i.352981319.8693008208?position=9,80000.00,89000.00,https://cf.shopee.vn/file/e91a851b89ce94fbe6851705a00b284e_tn
41,Ão khoÃ¡c lÃ´ng dÃ i tay má»m chipi chá»¯ thÃªu cá»• trá»¥ hai mÃ u basic Ã¡o ná»‰ sweater ná»¯ thu Ä‘Ã´ng ulzzang freesize,https://shopee.vn/Ão-khoÃ¡c-lÃ´ng-dÃ i-tay-má»m-chipi-chá»¯-thÃªu-cá»•-trá»¥-hai-mÃ u-basic-Ã¡o-ná»‰-sweater-ná»¯-thu-Ä‘Ã´ng-ulzzang-freesize-i.352981319.11534848923?position=10,69000.00,69000.00,
42,Ão khoÃ¡c Ã¡o hoodies zip ná»‰ bÃ´ng khoÃ¡ kÃ©o ullzang 3 mÃ u Nhungkudo,https://shopee.vn/Ão-khoÃ¡c-Ã¡o-hoodies-zip-ná»‰-bÃ´ng-khoÃ¡-kÃ©o-ullzang-3-mÃ u-Nhungkudo-i.86767684.11529708977?position=11,85999.00,85999.00,
43,(Sáº´N) Ão KhoÃ¡c Cardigan DÃ i Tay Dá»… ThÆ°Æ¡ng Há»c Sinh/ Ão Len DÃ i Tay JK Nháº­t Báº£n A00311,https://shopee.vn/(Sáº´N)-Ão-KhoÃ¡c-Cardigan-DÃ i-Tay-Dá»…-ThÆ°Æ¡ng-Há»c-Sinh-Ão-Len-DÃ i-Tay-JK-Nháº­t-Báº£n-A00311-i.77521864.4312999166?position=12,219000.00,219000.00,
44,Ão bomber ná»‰ cÃºc báº¥m LB 93 Ã¡o khoÃ¡c bomber nam ná»¯ cháº¥t ná»‰ Mophus MB011,https://shopee.vn/Ão-bomber-ná»‰-cÃºc-báº¥m-LB-93-Ã¡o-khoÃ¡c-bomber-nam-ná»¯-cháº¥t-ná»‰-Mophus-MB011-i.396435701.11240790483?position=13,125000.00,125000.00,
45,ÃO KHOÃC GIÃ“ Ná»® FORM Rá»˜NG CÃ TÃŒNH HÃŒNH THÃŠU CÃ“ UP VIDEO HÃ€NG THáº¬T á» CUá»I,https://shopee.vn/ÃO-KHOÃC-GIÃ“-Ná»®-FORM-Rá»˜NG-CÃ-TÃŒNH-HÃŒNH-THÃŠU-CÃ“-UP-VIDEO-HÃ€NG-THáº¬T-á»-CUá»I-i.34880242.6117007687?position=14,30999.00,79999.00,
46,Quáº§n jean ná»¯ phá»‘i khuy gÃ i eo cáº¡p cao phong cÃ¡ch Ulzzang HÃ n Quá»‘c hai mÃ u Ä‘en tráº¯ng ngáº§u cháº¥t,https://shopee.vn/Quáº§n-jean-ná»¯-phá»‘i-khuy-gÃ i-eo-cáº¡p-cao-phong-cÃ¡ch-Ulzzang-HÃ n-Quá»‘c-hai-mÃ u-Ä‘en-tráº¯ng-ngáº§u-cháº¥t-i.307240387.8134077347?ads_keyword=wkdaelpmissisiht&adsid=14915222&campaignid=8234245&position=0,102000.00,175100.00,
47,Quáº§n dÃ i á»‘ng rá»™ng- Linen cao cáº¥p,https://shopee.vn/Quáº§n-dÃ i-á»‘ng-rá»™ng-Linen-cao-cáº¥p-i.27399234.9401718785?ads_keyword=wkdaelpmissisiht&adsid=16219121&campaignid=8976951&position=1,450000.00,450000.00,
48,Quáº§n TÃ¢y Nam DÃ¡ng Ã”m KhÃ´ng NhÄƒn Váº£i Cotton Má»m Má»‹n,https://shopee.vn/Quáº§n-TÃ¢y-Nam-DÃ¡ng-Ã”m-KhÃ´ng-NhÄƒn-Váº£i-Cotton-Má»m-Má»‹n-i.138792244.3754535027?ads_keyword=qua%CC%82%CC%80n&adsid=6461062&campaignid=3513517&position=2,84000.00,84000.00,
49,Quáº§n á»‘ng rá»™ng ná»¯ lÆ°ng cao nhung tÄƒm dÃ¡ng dÃ i cáº¡p khÃ³a ulzzang MIVOSA QN001,https://shopee.vn/Quáº§n-á»‘ng-rá»™ng-ná»¯-lÆ°ng-cao-nhung-tÄƒm-dÃ¡ng-dÃ i-cáº¡p-khÃ³a-ulzzang-MIVOSA-QN001-i.528521256.10845666162?ads_keyword=qua%CC%82%CC%80n&adsid=18676718&campaignid=10389881&position=3,70000.00,70000.00,
50,"Quáº§n Ä‘Ã¹i 3 sá»c tráº¯ng ,quáº§n short Ná»¯ sá»c thá»ƒ thao unisex",https://shopee.vn/Quáº§n-Ä‘Ã¹i-3-sá»c-tráº¯ng-quáº§n-short-Ná»¯-sá»c-thá»ƒ-thao-unisex-i.405195976.10807454285?ads_keyword=qua%CC%82%CC%80n%20qua%CC%82%CC%80n&adsid=16110365&campaignid=8916200&position=4,35000.00,35000.00,
51,[Ráº» VÃ´ Äá»‹ch] Quáº§n Káº» Ná»¯ Cáº¡p Chun Caro LÆ°ng Cao DÃ¡ng Rá»™ng á»ng SuÃ´ng ulzzang full mÃ u hot Bá»‘ng Store,https://shopee.vn/-Ráº»-VÃ´-Äá»‹ch-Quáº§n-Káº»-Ná»¯-Cáº¡p-Chun-Caro-LÆ°ng-Cao-DÃ¡ng-Rá»™ng-á»ng-SuÃ´ng-ulzzang-full-mÃ u-hot-Bá»‘ng-Store-i.417241850.8637006191?position=5,29200.00,29900.00,
52,Quáº§n Káº» Ná»¯ á»ng Rá»™ng Cáº¡p Chun Caro LÆ°ng Cao DÃ¡ng Rá»™ng á»ng SuÃ´ng Ulzzang Full MÃ u Hot,https://shopee.vn/Quáº§n-Káº»-Ná»¯-á»ng-Rá»™ng-Cáº¡p-Chun-Caro-LÆ°ng-Cao-DÃ¡ng-Rá»™ng-á»ng-SuÃ´ng-Ulzzang-Full-MÃ u-Hot-i.263077861.8658682827?position=6,11900.00,29900.00,
53,Quáº§n á»ng Rá»™ng DÃ¡ng SuÃ´ng Kaki Hoáº¡ Tiáº¿t Gobi Ulzzang Nam Ná»¯ Unisex,https://shopee.vn/Quáº§n-á»ng-Rá»™ng-DÃ¡ng-SuÃ´ng-Kaki-Hoáº¡-Tiáº¿t-Gobi-Ulzzang-Nam-Ná»¯-Unisex-i.396986593.4680616612?position=7,119000.00,134000.00,
54,quáº§n á»‘ng rá»™ng lÆ°ng cao khÃ³a trÆ°á»›c 1 khuy cháº¥t tuyáº¿t mÆ°a.,https://shopee.vn/quáº§n-á»‘ng-rá»™ng-lÆ°ng-cao-khÃ³a-trÆ°á»›c-1-khuy-cháº¥t-tuyáº¿t-mÆ°a.-i.262689468.3549438619?position=8,75000.00,75000.00,
55,"Quáº§n á»ng SuÃ´ng Cáº¡p Chun, Quáº§n á»ng Rá»™ng Ná»¯ MÃ u Äen Ulzzang (video cáº­n cháº¥t)",https://shopee.vn/Quáº§n-á»ng-SuÃ´ng-Cáº¡p-Chun-Quáº§n-á»ng-Rá»™ng-Ná»¯-MÃ u-Äen-Ulzzang-(video-cáº­n-cháº¥t)-i.420779328.10201279353?position=9,35000.00,35000.00,
56,[Ráº» vÃ´ Ä‘á»‹ch] Quáº§n ThÃ´ Kaki á»ng Rá»™ng SuÃ´ng 2 CÃºc,https://shopee.vn/-Ráº»-vÃ´-Ä‘á»‹ch-Quáº§n-ThÃ´-Kaki-á»ng-Rá»™ng-SuÃ´ng-2-CÃºc-i.417241850.9338348139?position=10,49500.00,49500.00,
57,Quáº§n jean ná»¯ phá»‘i khuy gÃ i eo cáº¡p cao phong cÃ¡ch Ulzzang HÃ n Quá»‘c hai mÃ u Ä‘en tráº¯ng ngáº§u cháº¥t,https://shopee.vn/Quáº§n-jean-ná»¯-phá»‘i-khuy-gÃ i-eo-cáº¡p-cao-phong-cÃ¡ch-Ulzzang-HÃ n-Quá»‘c-hai-mÃ u-Ä‘en-tráº¯ng-ngáº§u-cháº¥t-i.307240387.8134077347?position=11,102000.00,175100.00,
58,Quáº§n Kaki Baggy Nam Ná»¯ á»ng SuÃ´ng Sáº¯n Gáº¥u CARO Ulzzang,https://shopee.vn/Quáº§n-Kaki-Baggy-Nam-Ná»¯-á»ng-SuÃ´ng-Sáº¯n-Gáº¥u-CARO-Ulzzang-i.396986593.9954573354?position=12,109000.00,109000.00,
59,Quáº§n jean flared jean lÆ°ng cao á»‘ng Ä‘á»©ng loe nháº¹ form hÃ n ( XEM HÃŒNH CUá»I ),https://shopee.vn/Quáº§n-jean-flared-jean-lÆ°ng-cao-á»‘ng-Ä‘á»©ng-loe-nháº¹-form-hÃ n-(-XEM-HÃŒNH-CUá»I-)-i.236267659.8444773292?position=13,149000.00,159000.00,
60,quáº§n á»‘ng rá»™ng ná»¯ cáº¡p chun lai tÆ°a cháº¥t da cÃ¡,https://shopee.vn/quáº§n-á»‘ng-rá»™ng-ná»¯-cáº¡p-chun-lai-tÆ°a-cháº¥t-da-cÃ¡-i.66764726.6152181790?position=14,69000.00,69000.00,
61,Ão thun Unisex N7 Basic Tee phÃ´ng trÆ¡n nam ná»¯ tay lá»¡ oversize form rá»™ng 12 mÃ u,https://shopee.vn/Ão-thun-Unisex-N7-Basic-Tee-phÃ´ng-trÆ¡n-nam-ná»¯-tay-lá»¡-oversize-form-rá»™ng-12-mÃ u-i.257372007.3554096264?ads_keyword=%C3%A1o%20ph%C3%B4ng&adsid=6156154&campaignid=3393562&position=0,89000.00,89000.00,
62,Ão phÃ´ng unisex nam ná»¯ form rá»™ng tay lá»¡ máº·t cÆ°á»i Ä‘áº¹p váº£i dÃ y má»‹n,https://shopee.vn/Ão-phÃ´ng-unisex-nam-ná»¯-form-rá»™ng-tay-lá»¡-máº·t-cÆ°á»i-Ä‘áº¹p-váº£i-dÃ y-má»‹n-i.76875639.7790178910?ads_keyword=xuong%20ao%20phong&adsid=14531701&campaignid=8009819&position=1,24900.00,39900.00,
63,Ão thun nam mÃ u nhuá»™m thá»i trang mÃ¹a hÃ¨ size S-XXXL,https://shopee.vn/Ão-thun-nam-mÃ u-nhuá»™m-thá»i-trang-mÃ¹a-hÃ¨-size-S-XXXL-i.292994072.8916907676?ads_keyword=a%CC%81o%20nam&adsid=10330414&campaignid=5583076&position=2,99000.00,99000.00,
64,"Ão thun tay lá»¡ Unisex Yinxx, Ã¡o phÃ´ng form rá»™ng ATL07",https://shopee.vn/Ão-thun-tay-lá»¡-Unisex-Yinxx-Ã¡o-phÃ´ng-form-rá»™ng-ATL07-i.14746382.6719312350?ads_keyword=a%CC%81o%20pho%CC%82ng&adsid=3352017&campaignid=2064828&position=3,49000.00,49000.00,
65,"Ã¡o thun tay lá»¡ unisex form rá»™ng, Ã¡o phÃ´ng nam ná»¯ oversize 2 mÃ u Ä‘en tráº¯ng co giÃ£n 4 chiá»u ATL86",https://shopee.vn/Ã¡o-thun-tay-lá»¡-unisex-form-rá»™ng-Ã¡o-phÃ´ng-nam-ná»¯-oversize-2-mÃ u-Ä‘en-tráº¯ng-co-giÃ£n-4-chiá»u-ATL86-i.232467061.5590605700?position=4,39000.00,39000.00,
66,"Ão thun tay lá»¡ nam ná»¯, Ã¡o phÃ´ng unisex form rá»™ng cháº¥t cotton mÃ¡t má»‹n tháº¥m hÃºt má»“ hÃ´i in hÃ¬nh NICE",https://shopee.vn/Ão-thun-tay-lá»¡-nam-ná»¯-Ã¡o-phÃ´ng-unisex-form-rá»™ng-cháº¥t-cotton-mÃ¡t-má»‹n-tháº¥m-hÃºt-má»“-hÃ´i-in-hÃ¬nh-NICE-i.32239491.9347505929?position=5,39999.00,54600.00,
67,"Ão Thun ,Ão phÃ´ng hÃ¨ form rá»™ng tay lá»¡ mÃ u trÄƒÌng in logo ,cháº¥t cotton nam ná»¯",https://shopee.vn/Ão-Thun-Ão-phÃ´ng-hÃ¨-form-rá»™ng-tay-lá»¡-mÃ u-trÄƒÌng-in-logo-cháº¥t-cotton-nam-ná»¯-i.410883737.3491043039?position=6,37000.00,38000.00,
68,"Ão thun unisex tay lá»¡ form rá»™ng , Ã¡o phÃ´ng nam ná»¯ form rá»™ng cháº¥t cotton mÃ¡t má»‹n tháº¥m hÃºt má»“ hÃ´i in hÃ¬nh shin",https://shopee.vn/Ão-thun-unisex-tay-lá»¡-form-rá»™ng-Ã¡o-phÃ´ng-nam-ná»¯-form-rá»™ng-cháº¥t-cotton-mÃ¡t-má»‹n-tháº¥m-hÃºt-má»“-hÃ´i-in-hÃ¬nh-shin-i.32239491.9447506085?position=7,55000.00,55000.00,
69,"Ão Thun Tay Lá»¡ Unisex Form Rá»™ng CÃ¡ TÃ­nh 2S Clothing, Ão PhÃ´ng Phom Rá»™ng Ná»¯ Giáº¥u Quáº§n In HÃ¬nh DK35",https://shopee.vn/Ão-Thun-Tay-Lá»¡-Unisex-Form-Rá»™ng-CÃ¡-TÃ­nh-2S-Clothing-Ão-PhÃ´ng-Phom-Rá»™ng-Ná»¯-Giáº¥u-Quáº§n-In-HÃ¬nh-DK35-i.403444700.4489937398?position=8,49000.00,79000.00,
70,"Ão thun tay lá»¡ nam ná»¯,Ã¡o phÃ´ng form rá»™ng cháº¥t cotton mÃ¡t má»‹n tháº¥m hÃºt má»“ hÃ´i in hÃ¬nh PARA",https://shopee.vn/Ão-thun-tay-lá»¡-nam-ná»¯-Ã¡o-phÃ´ng-form-rá»™ng-cháº¥t-cotton-mÃ¡t-má»‹n-tháº¥m-hÃºt-má»“-hÃ´i-in-hÃ¬nh-PARA-i.32239491.8047513187?position=9,54600.00,54600.00,
71,"Ão thun tay lá»¡ unisex in pháº£n quang chá»¯ cá»• LUONVUITUOI ,aÌo phÃ´ng nam nÆ°Ìƒ cháº¥t cotton -2 mÃ u Ä‘en,tráº¯ng- AT",https://shopee.vn/Ão-thun-tay-lá»¡-unisex-in-pháº£n-quang-chá»¯-cá»•-LUONVUITUOI-aÌo-phÃ´ng-nam-nÆ°Ìƒ-cháº¥t-cotton-2-mÃ u-Ä‘en-tráº¯ng-AT-i.410883737.7483676605?position=10,33000.00,39000.00,
73,"Ão Thun Ná»¯ Form Rá»™ng Unisex Giáº¥u Quáº§n 2S Clothing, Ão PhÃ´ng Ná»¯ Tay Lá»¡ CÃ¡ TÃ­nh In HÃ¬nh Gáº¥u DK32",https://shopee.vn/Ão-Thun-Ná»¯-Form-Rá»™ng-Unisex-Giáº¥u-Quáº§n-2S-Clothing-Ão-PhÃ´ng-Ná»¯-Tay-Lá»¡-CÃ¡-TÃ­nh-In-HÃ¬nh-Gáº¥u-DK32-i.403444700.8859139824?position=12,69000.00,79000.00,
74,"Ão thun tay lá»¡ form rá»™ng Unisex, Ã¡o phÃ´ng BENR Free size phong cÃ¡ch Ä‘Æ°á»ng phá»‘ A106",https://shopee.vn/Ão-thun-tay-lá»¡-form-rá»™ng-Unisex-Ã¡o-phÃ´ng-BENR-Free-size-phong-cÃ¡ch-Ä‘Æ°á»ng-phá»‘-A106-i.407717650.8054246260?position=13,11000.00,53000.00,
75,Ão phÃ´ng Polo YODY ná»¯ basic trÆ¡n tráº¯ng phá»‘i cá»• cÃ´ng sá»Ÿ cao cáº¥p cotton tay ngáº¯n 7 mÃ u Pique Máº¯t Chim phá»‘i bo APN3340,https://shopee.vn/Ão-phÃ´ng-Polo-YODY-ná»¯-basic-trÆ¡n-tráº¯ng-phá»‘i-cá»•-cÃ´ng-sá»Ÿ-cao-cáº¥p-cotton-tay-ngáº¯n-7-mÃ u-Pique-Máº¯t-Chim-phá»‘i-bo-APN3340-i.447400351.8757464685?position=14,199000.00,289000.00,
76,BÃ´ng cotton táº©y trang FOCALLURE má»m má»‹n cháº¥t lÆ°á»£ng cao 22.5g,https://shopee.vn/BÃ´ng-cotton-táº©y-trang-FOCALLURE-má»m-má»‹n-cháº¥t-lÆ°á»£ng-cao-22.5g-i.182631756.7812156570?ads_keyword=wkdaelpmissisiht&adsid=5816197&campaignid=3229698&position=0,12000.00,12000.00,
77,[MÃ£ INCU10SEP giáº£m 15K Ä‘Æ¡n 50K] BÃ´ng táº©y trang IPEK 130 miáº¿ng - Nháº­p kháº©u chÃ­nh hÃ£ng tá»« Thá»• NhÄ© Ká»³,https://shopee.vn/-MÃ£-INCU10SEP-giáº£m-15K-Ä‘Æ¡n-50K-BÃ´ng-táº©y-trang-IPEK-130-miáº¿ng-Nháº­p-kháº©u-chÃ­nh-hÃ£ng-tá»«-Thá»•-NhÄ©-Ká»³-i.41161342.687336254?ads_keyword=bong%20tay%20trang%20ipek&adsid=15874904&campaignid=8780116&position=1,26400.00,26400.00,
78,BÃ´ng táº©y trang Jomi 80 miáº¿ng/ gÃ³i vÃ  120 miáº¿ng/ gÃ³i,https://shopee.vn/BÃ´ng-táº©y-trang-Jomi-80-miáº¿ng-gÃ³i-vÃ -120-miáº¿ng-gÃ³i-i.115570407.3918260387?ads_keyword=b%C3%B4ng%20t%E1%BA%A9y%20trang&adsid=4296370&campaignid=2486523&position=2,27000.00,27000.00,
79,BÃ´ng Táº©y Trang 3 Lá»›p Cotton Pads 222 Miáº¿ng Táº©y Trang Da Máº·t,https://shopee.vn/BÃ´ng-Táº©y-Trang-3-Lá»›p-Cotton-Pads-222-Miáº¿ng-Táº©y-Trang-Da-Máº·t-i.429996991.9347845914?ads_keyword=bong%20tay%20trang&adsid=12817901&campaignid=7002089&position=3,26000.00,26000.00,
80,BÃ´ng Táº©y Trang MIXDAIR JZ-0038 Má»m Máº¡i Sá»­ Dá»¥ng ÄÆ°á»£c Cáº£ Dáº¡ng Æ¯á»›t VÃ  KhÃ´,https://shopee.vn/BÃ´ng-Táº©y-Trang-MIXDAIR-JZ-0038-Má»m-Máº¡i-Sá»­-Dá»¥ng-ÄÆ°á»£c-Cáº£-Dáº¡ng-Æ¯á»›t-VÃ -KhÃ´-i.151910755.6152917365?ads_keyword=b%C3%B4ng%20t%E1%BA%A9y%20trang&adsid=6487837&campaignid=3555222&position=4,12900.00,12900.00,
81,BÃ´ng Táº©y Trang Ipek Klasik Cotton Pads (80 miáº¿ng - 150 miáº¿ng),https://shopee.vn/BÃ´ng-Táº©y-Trang-Ipek-Klasik-Cotton-Pads-(80-miáº¿ng-150-miáº¿ng)-i.157995825.3222523639?position=5,19000.00,25000.00,
82,BÃ´ng táº©y trang 3 lá»›p FM Cotton Pads 222 miáº¿ng BÃ´ng Táº©y Trang ná»™i Ä‘á»‹a Trung MFBTT1,https://shopee.vn/BÃ´ng-táº©y-trang-3-lá»›p-FM-Cotton-Pads-222-miáº¿ng-BÃ´ng-Táº©y-Trang-ná»™i-Ä‘á»‹a-Trung-MFBTT1-i.415318899.3040425960?position=6,16500.00,28000.00,
83,BÃ´ng táº©y trang 3 lá»›p Cotton Pads BÃ´ng táº©y trang hÃ ng ná»™i Ä‘á»‹a Trung BTT MFBTT1,https://shopee.vn/BÃ´ng-táº©y-trang-3-lá»›p-Cotton-Pads-BÃ´ng-táº©y-trang-hÃ ng-ná»™i-Ä‘á»‹a-Trung-BTT-MFBTT1-i.449550023.8965760209?position=7,16999.00,16999.00,
84,BÃ´ng táº©y trang 222 miáº¿ng cotton pads hÃ ng thiáº¿t káº¿ 3 lá»›p siÃªu dai má»m tiá»‡n lá»£i phÃ¹ há»£p cho há»c sinh sinh viÃªn - CTP,https://shopee.vn/BÃ´ng-táº©y-trang-222-miáº¿ng-cotton-pads-hÃ ng-thiáº¿t-káº¿-3-lá»›p-siÃªu-dai-má»m-tiá»‡n-lá»£i-phÃ¹-há»£p-cho-há»c-sinh-sinh-viÃªn-CTP-i.292117874.6245711735?position=8,29000.00,29000.00,
85,BÃ´ng Táº©y Trang 3 Lá»›p Cotton Pads 222 miáº¿ng,https://shopee.vn/BÃ´ng-Táº©y-Trang-3-Lá»›p-Cotton-Pads-222-miáº¿ng-i.55849425.5234736782?position=9,20500.00,20500.00,
86,BÃ´ng táº©y trang Make Up Cotton Line friend 200 miáº¿ng,https://shopee.vn/BÃ´ng-táº©y-trang-Make-Up-Cotton-Line-friend-200-miáº¿ng-i.17338494.7311912282?position=10,35000.00,35000.00,
87,BÃ´ng táº©y trang 222 miáº¿ng cotton pads GIÃ Sá»ˆ (Ráº» nháº¥t Shopee) BTT Lameila 222 miáº¿ng,https://shopee.vn/BÃ´ng-táº©y-trang-222-miáº¿ng-cotton-pads-GIÃ-Sá»ˆ-(Ráº»-nháº¥t-Shopee)-BTT-Lameila-222-miáº¿ng-i.471617562.6592954814?position=11,4500.00,19500.00,
88,"BÃ´ng táº©y trang Silcot 82 miáº¿ng/há»™p,Silcot Premium 66 miáº¿ng/há»™p",https://shopee.vn/BÃ´ng-táº©y-trang-Silcot-82-miáº¿ng-há»™p-Silcot-Premium-66-miáº¿ng-há»™p-i.419355400.9138818850?position=12,29900.00,30900.00,
89,BÃ´ng Táº©y Trang 222 Miáº¿ng 3 Lá»›p FM Cotton Pads cao cáº¥p Ná»™i Äá»‹a Trung NPP Nam ChÃ¢u,https://shopee.vn/BÃ´ng-Táº©y-Trang-222-Miáº¿ng-3-Lá»›p-FM-Cotton-Pads-cao-cáº¥p-Ná»™i-Äá»‹a-Trung-NPP-Nam-ChÃ¢u-i.450053750.8058684451?position=13,23000.00,29000.00,
90,BÃ´ng táº©y trang 3 lá»›p Cotton Pads tÃºi 222 miáº¿ng CPM1,https://shopee.vn/BÃ´ng-táº©y-trang-3-lá»›p-Cotton-Pads-tÃºi-222-miáº¿ng-CPM1-i.10208046.6432321841?position=14,19900.00,19900.00,
91,Ão Croptop Ngáº¯n Tay Thiáº¿t Káº¿ Lá»‡ch TÃ  Thá»i Trang MÃ¹a HÃ¨ CÃ¡ TÃ­nh Cho Ná»¯,https://shopee.vn/Ão-Croptop-Ngáº¯n-Tay-Thiáº¿t-Káº¿-Lá»‡ch-TÃ -Thá»i-Trang-MÃ¹a-HÃ¨-CÃ¡-TÃ­nh-Cho-Ná»¯-i.493922868.11521699899?ads_keyword=crop&adsid=17690952&campaignid=9827930&position=0,95000.00,95000.00,
92,Ão Thun Croptop Ngáº¯n Tay Phá»‘i DÃ¢y RÃºt In Há»a Tiáº¿t Thá»i Trang Cho Ná»¯,https://shopee.vn/Ão-Thun-Croptop-Ngáº¯n-Tay-Phá»‘i-DÃ¢y-RÃºt-In-Há»a-Tiáº¿t-Thá»i-Trang-Cho-Ná»¯-i.493922868.9483392091?ads_keyword=a%CC%81o&adsid=18095132&campaignid=10057039&position=1,95000.00,95000.00,
93,Ão croptop hoa nhÃ­ cam vai bá»“ng tiá»ƒu thÆ°,https://shopee.vn/Ão-croptop-hoa-nhÃ­-cam-vai-bá»“ng-tiá»ƒu-thÆ°-i.198779556.13106885048?ads_keyword=wkdaelpmissisiht&adsid=18858173&campaignid=10492161&position=2,244000.00,244000.00,
94,Ão croptop ná»¯ Choobe sÃ¡t nÃ¡ch ba lá»— thun khÃ´ng tay kiá»ƒu Ã´m body tank top váº£i cotton co giÃ£n tá»‘t A17,https://shopee.vn/Ão-croptop-ná»¯-Choobe-sÃ¡t-nÃ¡ch-ba-lá»—-thun-khÃ´ng-tay-kiá»ƒu-Ã´m-body-tank-top-váº£i-cotton-co-giÃ£n-tá»‘t-A17-i.73512480.7667220992?ads_keyword=a%CC%81o%20crotop&adsid=9136127&campaignid=4924314&position=3,79000.00,85000.00,
95,Ão croptop yan tay dÃ i ulzzang Hus phá»‘i cÃºc form kiá»ƒu Ã´m mang phong cÃ¡ch hiá»‡n Ä‘áº¡i,https://shopee.vn/Ão-croptop-yan-tay-dÃ i-ulzzang-Hus-phá»‘i-cÃºc-form-kiá»ƒu-Ã´m-mang-phong-cÃ¡ch-hiá»‡n-Ä‘áº¡i-i.389482253.9973404044?ads_keyword=ao%20croptop&adsid=18078944&campaignid=10047490&position=4,36000.00,58000.00,
96,Ão croptop cá»™c tay dÆ°á»›i 55kg - ThÃªu bÆ°á»›m,https://shopee.vn/Ão-croptop-cá»™c-tay-dÆ°á»›i-55kg-ThÃªu-bÆ°á»›m-i.400187849.7683998249?position=5,16500.00,16500.00,
97,Ão croptop Choobe ná»¯ cÃ³ cá»• váº£i cotton co giÃ£n thoÃ¡ng mÃ¡t croptop ngáº¯n tay thun Ä‘áº¹p A32,https://shopee.vn/Ão-croptop-Choobe-ná»¯-cÃ³-cá»•-váº£i-cotton-co-giÃ£n-thoÃ¡ng-mÃ¡t-croptop-ngáº¯n-tay-thun-Ä‘áº¹p-A32-i.73512480.8563660972?position=6,99000.00,99000.00,
98,[Video + áº¢nh] Ão Croptop Viá»n BÃ¨o CÃºc Ngá»c P42,https://shopee.vn/-Video-áº¢nh-Ão-Croptop-Viá»n-BÃ¨o-CÃºc-Ngá»c-P42-i.259333673.6454402145?position=7,39000.00,39000.00,
99,Ão croptop cá»• tim cÃ i cÃºc tay ngáº¯n form rá»™ng xinh xáº¯n,https://shopee.vn/Ão-croptop-cá»•-tim-cÃ i-cÃºc-tay-ngáº¯n-form-rá»™ng-xinh-xáº¯n-i.116491437.7841583717?position=8,24000.00,24000.00,
100,"Ão croptop ná»¯ thun sÆ¡ mi kiá»ƒu Ã´m body cÃ³ cá»• tay ngáº¯n Ä‘áº¹p, Ão polo ná»¯ croptop crt Ulzzang crop top phÃ´ng cá»• báº» Ä‘en tráº¯ng",https://shopee.vn/Ão-croptop-ná»¯-thun-sÆ¡-mi-kiá»ƒu-Ã´m-body-cÃ³-cá»•-tay-ngáº¯n-Ä‘áº¹p-Ão-polo-ná»¯-croptop-crt-Ulzzang-crop-top-phÃ´ng-cá»•-báº»-Ä‘en-tráº¯ng-i.308447525.8065342608?position=9,30000.00,55000.00,
101,Ão croptop ná»¯ polo Ä‘Ã­nh cÃºc cÃ¡ch Ä‘iá»‡u váº¡t chÃ©o cá»±c xinh,https://shopee.vn/Ão-croptop-ná»¯-polo-Ä‘Ã­nh-cÃºc-cÃ¡ch-Ä‘iá»‡u-váº¡t-chÃ©o-cá»±c-xinh-i.339982771.8752884891?position=10,89000.00,89000.00,
102,Ão Croptop Buá»™c NÆ¡ LÆ°ng GenY - Ão Croptop Kiá»ƒu Ná»¯ Ã”m Body Thun GÃ¢n SiÃªu Xinh,https://shopee.vn/Ão-Croptop-Buá»™c-NÆ¡-LÆ°ng-GenY-Ão-Croptop-Kiá»ƒu-Ná»¯-Ã”m-Body-Thun-GÃ¢n-SiÃªu-Xinh-i.441501698.9166787919?position=11,55000.00,55000.00,
103,Ão croptop ná»¯ Choobe sÃ¡t nÃ¡ch ba lá»— thun khÃ´ng tay kiá»ƒu Ã´m body tank top váº£i cotton co giÃ£n tá»‘t A17,https://shopee.vn/Ão-croptop-ná»¯-Choobe-sÃ¡t-nÃ¡ch-ba-lá»—-thun-khÃ´ng-tay-kiá»ƒu-Ã´m-body-tank-top-váº£i-cotton-co-giÃ£n-tá»‘t-A17-i.73512480.7667220992?position=12,79000.00,85000.00,
104,Ão croptop kiá»ƒu yáº¿m bÃ² sá»¯a Ä‘an dÃ¢y lÆ°ng cÃ³ mÃºt ngá»±c,https://shopee.vn/Ão-croptop-kiá»ƒu-yáº¿m-bÃ²-sá»¯a-Ä‘an-dÃ¢y-lÆ°ng-cÃ³-mÃºt-ngá»±c-i.126910133.9347174444?position=13,34900.00,34900.00,
105,Ão Croptop Polo Cá»™c Tay Ná»¯ ğŸ¦‹ Ão Crt Cá»• Báº» Cháº¥t Thun GÃ¢n 3 MÃ u ğŸ¦‹,https://shopee.vn/Ão-Croptop-Polo-Cá»™c-Tay-Ná»¯-ğŸ¦‹-Ão-Crt-Cá»•-Báº»-Cháº¥t-Thun-GÃ¢n-3-MÃ u-ğŸ¦‹-i.174530170.7027617497?position=14,37000.00,37000.00,
106,Ná»“i chiÃªn khÃ´ng dáº§u Tefal EY401D15,https://shopee.vn/Ná»“i-chiÃªn-khÃ´ng-dáº§u-Tefal-EY401D15-i.254657873.5653977034?ads_keyword=noi%20chien%20kh%C3%B4ng%20dau&adsid=7521632&campaignid=4071397&position=0,2699000.00,2699000.00,https://cf.shopee.vn/file/d4623502d4c6e27c9fe7f335bb4dbe3c_tn
107,Ná»“i chiÃªn khÃ´ng dáº§u dung tÃ­ch 5 lÃ­t CAMEL Báº£o hÃ nh 6 thÃ¡ng,https://shopee.vn/Ná»“i-chiÃªn-khÃ´ng-dáº§u-dung-tÃ­ch-5-lÃ­t-CAMEL-Báº£o-hÃ nh-6-thÃ¡ng-i.38308826.7126111008?ads_keyword=n%E1%BB%93i%20chi%C3%AAn%20kh%C3%B4ng%20d%E1%BA%A7u&adsid=2485237&campaignid=1682777&position=1,629000.00,809000.00,https://cf.shopee.vn/file/af85fa38315b9ddd27af8cd5f7f1f135_tn
108,Ná»“i chiÃªn khÃ´ng dáº§u Ä‘iá»‡n tá»­ 5.5L BlueStone AFB-5880,https://shopee.vn/Ná»“i-chiÃªn-khÃ´ng-dáº§u-Ä‘iá»‡n-tá»­-5.5L-BlueStone-AFB-5880-i.189615586.9602448814?ads_keyword=noi%20chien%20khong%20dau&adsid=10581822&campaignid=5075976&position=2,2499500.00,2499500.00,https://cf.shopee.vn/file/7669ba3b49476be0e2ecdda1094d8b01_tn
109,[MÃ£ ELTEFAL09 giáº£m 5% Ä‘Æ¡n 500K] Ná»“i chiÃªn khÃ´ng dáº§u Tefal EY201815 4.2L,https://shopee.vn/-MÃ£-ELTEFAL09-giáº£m-5-Ä‘Æ¡n-500K-Ná»“i-chiÃªn-khÃ´ng-dáº§u-Tefal-EY201815-4.2L-i.254657873.3290035249?ads_keyword=no%CC%82%CC%80i%20chie%CC%82n%20kho%CC%82ng%20da%CC%82%CC%80u&adsid=14931931&campaignid=8243379&position=3,1999000.00,1999000.00,https://cf.shopee.vn/file/dbf4284064a9b1012e5698eb7482b96b_tn
110,[MÃ£ ELTEFAL09 giáº£m 5% Ä‘Æ¡n 500K] Ná»“i chiÃªn khÃ´ng dáº§u Tefal EY701D15,https://shopee.vn/-MÃ£-ELTEFAL09-giáº£m-5-Ä‘Æ¡n-500K-Ná»“i-chiÃªn-khÃ´ng-dáº§u-Tefal-EY701D15-i.254657873.8405831091?ads_keyword=noi%20chien%20khong%20dau&adsid=10926135&campaignid=5441762&position=4,3589000.00,3589000.00,https://cf.shopee.vn/file/82a67c7052d656d43a5efc30f73bffc2_tn
111,Ná»“i chiÃªn khÃ´ng dáº§u ChÃ­nh hÃ£ng CAMEL F261-1 Dung tÃ­ch 5L CÃ´ng suáº¥t 1350W MÃ u Ä‘en - Báº¢O HÃ€NH 1 NÄ‚M,https://shopee.vn/Ná»“i-chiÃªn-khÃ´ng-dáº§u-ChÃ­nh-hÃ£ng-CAMEL-F261-1-Dung-tÃ­ch-5L-CÃ´ng-suáº¥t-1350W-MÃ u-Ä‘en-Báº¢O-HÃ€NH-1-NÄ‚M-i.272205570.5837448780?position=5,899000.00,899000.00,https://cf.shopee.vn/file/4bccc08df0bc3855c319c6230d7529d7_tn
112,Ná»“i chiÃªn khÃ´ng dáº§u Ä‘iá»‡n tá»­ 5.5L BlueStone AFB-5880,https://shopee.vn/Ná»“i-chiÃªn-khÃ´ng-dáº§u-Ä‘iá»‡n-tá»­-5.5L-BlueStone-AFB-5880-i.189615586.9602448814?position=6,2499500.00,2499500.00,https://cf.shopee.vn/file/7669ba3b49476be0e2ecdda1094d8b01_tn
113,Ná»“i chiÃªn khÃ´ng dáº§u cÆ¡ 5L BlueStone AFB-5870,https://shopee.vn/Ná»“i-chiÃªn-khÃ´ng-dáº§u-cÆ¡-5L-BlueStone-AFB-5870-i.189615586.3902551137?position=7,1959000.00,1959000.00,https://cf.shopee.vn/file/978375048145012b4ce387dad5925242_tn
114,"Ná»“i chiÃªn khÃ´ng dáº§u Sharp KF-AF42MV-ST (HÃ ng chÃ­nh hÃ£ng, Dung tÃ­ch 4.2 lÃ­t, Báº£o hÃ nh 12 thÃ¡ng ToÃ n Quá»‘c)",https://shopee.vn/Ná»“i-chiÃªn-khÃ´ng-dáº§u-Sharp-KF-AF42MV-ST-(HÃ ng-chÃ­nh-hÃ£ng-Dung-tÃ­ch-4.2-lÃ­t-Báº£o-hÃ nh-12-thÃ¡ng-ToÃ n-Quá»‘c)-i.265143875.9310779958?position=8,1390000.00,1390000.00,https://cf.shopee.vn/file/c4cfb59b7ba14c3f873b8d9ea51dc7ea_tn
115,Ná»“i chiÃªn khÃ´ng dáº§u Ä‘iá»‡n tá»­ 5.5L BlueStone AFB-5873,https://shopee.vn/Ná»“i-chiÃªn-khÃ´ng-dáº§u-Ä‘iá»‡n-tá»­-5.5L-BlueStone-AFB-5873-i.189615586.5502520267?position=9,2099000.00,2099000.00,https://cf.shopee.vn/file/a6646f95da256ceea9f7a5faf35450bb_tn
116,Ná»“i chiÃªn khÃ´ng dáº§u dung tÃ­ch 5 lÃ­t CAMEL Báº£o hÃ nh 6 thÃ¡ng,https://shopee.vn/Ná»“i-chiÃªn-khÃ´ng-dáº§u-dung-tÃ­ch-5-lÃ­t-CAMEL-Báº£o-hÃ nh-6-thÃ¡ng-i.38308826.7126111008?position=10,629000.00,809000.00,
117,[HOT] Ná»“i chiÃªn khÃ´ng dáº§u camel dung tÃ­ch 5LvÃ  6L (BH 12T) chÃ­nh hÃ£ng [HÃ€NG LOáº I 1],https://shopee.vn/-HOT-Ná»“i-chiÃªn-khÃ´ng-dáº§u-camel-dung-tÃ­ch-5LvÃ -6L-(BH-12T)-chÃ­nh-hÃ£ng-HÃ€NG-LOáº I-1--i.417866793.8067333139?position=11,599000.00,980000.00,
118,"Ná»“i chiÃªn khÃ´ng cÃ´ng suáº¥t lá»›n Ná»“i chiÃªn khÃ´ng khÃ­ gia Ä‘Ã¬nh, 4L phá»§ sá»©, ná»“i chiÃªn khÃ´ng khÃ³i Ä‘a nÄƒng- Báº£o hÃ nh 12 thÃ¡ng",https://shopee.vn/Ná»“i-chiÃªn-khÃ´ng-cÃ´ng-suáº¥t-lá»›n-Ná»“i-chiÃªn-khÃ´ng-khÃ­-gia-Ä‘Ã¬nh-4L-phá»§-sá»©-ná»“i-chiÃªn-khÃ´ng-khÃ³i-Ä‘a-nÄƒng-Báº£o-hÃ nh-12-thÃ¡ng-i.343434845.9942567664?position=12,890000.00,890000.00,
119,Ná»’I CHIÃŠN KHÃ”NG Dáº¦U KALITE Q10 10L - ELMICH SMARTCOOK 3941 7L 3940 5L CHÃNH HÃƒNG,https://shopee.vn/Ná»’I-CHIÃŠN-KHÃ”NG-Dáº¦U-KALITE-Q10-10L-ELMICH-SMARTCOOK-3941-7L-3940-5L-CHÃNH-HÃƒNG-i.171098987.5038126895?position=13,1790000.00,2450000.00,
120,Ná»“i chiÃªn khÃ´ng dáº§u ChÃ­nh hÃ£ng CAMEL Dung tÃ­ch 6L CÃ´ng suáº¥t 1350W MÃ u Ä‘en - Báº¢O HÃ€NH 1 NÄ‚M,https://shopee.vn/Ná»“i-chiÃªn-khÃ´ng-dáº§u-ChÃ­nh-hÃ£ng-CAMEL-Dung-tÃ­ch-6L-CÃ´ng-suáº¥t-1350W-MÃ u-Ä‘en-Báº¢O-HÃ€NH-1-NÄ‚M-i.272205570.6571039314?position=14,200000.00,999000.00,
121,[HCM]kem body livy`s thÃ¡i lan chÃ­nh hÃ£ng,//www.lazada.vn/products/hcmkem-body-livys-thai-lan-chinh-hang-i378132212-s632586370.html?scm=1007.17519.162103.0&pvid=2f6f551b-1378-4cae-a0e2-8becc5dff56d&search=0&clickTrackInfo=tcsceneid%3AHPJFY%3Bbuyernid%3A53d00dd5-98d0-4189-df16-5cac512bb437%3Btcboost%3A0%3Bpvid%3A2f6f551b-1378-4cae-a0e2-8becc5dff56d%3Bchannel_id%3A0000%3Bmt%3Ahot%3Bitem_id%3A378132212%3Bself_ab_id%3A162103%3Bself_app_id%3A7519%3Blayer_buckets%3A955.3629_5437.25236_6059.28891_955.3630%3Bpos%3A0%3B,52740.00,52740.00,https://vn-test-11.slatic.net/p/e2a06def59a488b5450e34be91232a90.jpg_400x400Q100.jpg_.webp
122,Miáº¿ng dÃ¡n mÃ n hÃ¬nh kÃ­nh cÆ°á»ng lá»±c Full mÃ n trong suá»‘t WK KingKong dÃ nh cho iPhone 6/6plus/7/7Plus/8/8Plus/X/XR/XS Max/11/11Pro/11Pro Max/12/12 Mini/12 Pro/12 Pro Max,//www.lazada.vn/products/mieng-dan-man-hinh-kinh-cuong-luc-full-man-trong-suot-wk-kingkong-danh-cho-iphone-66plus77plus88plusxxrxs-max1111pro11pro-max1212-mini12-pro12-pro-max-i783386092-s4700539900.html?scm=1007.17519.162103.0&pvid=2f6f551b-1378-4cae-a0e2-8becc5dff56d&search=0&clickTrackInfo=tctags%3A1285875519+830083863+1498575426%3Btcsceneid%3AHPJFY%3Bbuyernid%3A53d00dd5-98d0-4189-df16-5cac512bb437%3Btcboost%3A0%3Bpvid%3A2f6f551b-1378-4cae-a0e2-8becc5dff56d%3Bchannel_id%3A0000%3Bmt%3Ahot%3Bitem_id%3A783386092%3Bself_ab_id%3A162103%3Bself_app_id%3A7519%3Blayer_buckets%3A955.3629_5437.25236_6059.28891_955.3630%3Bpos%3A1%3B,15000.00,15000.00,https://vn-test-11.slatic.net/p/a3972d8582027f6a00788935c3749803.jpg_400x400Q100.jpg_.webp
123,"Kem chá»‘ng náº¯ng nÃ¢ng tÃ´ng Caryophy Smart Sunscreen Tone Up cho da dáº§u, da nháº¡y cáº£m 50ML",//www.lazada.vn/products/kem-chong-nang-nang-tong-caryophy-smart-sunscreen-tone-up-cho-da-dau-da-nhay-cam-50ml-i1318953920-s5226128883.html?scm=1007.17519.162103.0&pvid=2f6f551b-1378-4cae-a0e2-8becc5dff56d&search=0&clickTrackInfo=tctags%3A458450836+1498575426+2024240392%3Btcsceneid%3AHPJFY%3Bbuyernid%3A53d00dd5-98d0-4189-df16-5cac512bb437%3Btcboost%3A0%3Bpvid%3A2f6f551b-1378-4cae-a0e2-8becc5dff56d%3Bchannel_id%3A0000%3Bmt%3Ahot%3Bitem_id%3A1318953920%3Bself_ab_id%3A162103%3Bself_app_id%3A7519%3Blayer_buckets%3A955.3629_5437.25236_6059.28891_955.3630%3Bpos%3A3%3B,288000.00,288000.00,https://vn-test-11.slatic.net/p/f3a76661f573c131e7a7b579f5e6c0e3.png_400x400Q100.jpg_.webp
124,Houseeer Thá»±c Pháº©m Gia Dá»¥ng Snack NiÃªm Phong Káº¹p NiÃªm Phong Káº¹p TÃºi Thá»±c Pháº©m CÃ´ng Cá»¥ LÆ°u Trá»¯ NhÃ  Báº¿p,//www.lazada.vn/products/houseeer-thuc-pham-gia-dung-snack-niem-phong-kep-niem-phong-kep-tui-thuc-pham-cong-cu-luu-tru-nha-bep-i710262540-s1779784133.html?scm=1007.17519.162103.0&pvid=2f6f551b-1378-4cae-a0e2-8becc5dff56d&search=0&clickTrackInfo=tctags%3A1285875519%3Btcsceneid%3AHPJFY%3Bbuyernid%3A53d00dd5-98d0-4189-df16-5cac512bb437%3Btcboost%3A0%3Bpvid%3A2f6f551b-1378-4cae-a0e2-8becc5dff56d%3Bchannel_id%3A0000%3Bmt%3Ahot%3Bitem_id%3A710262540%3Bself_ab_id%3A162103%3Bself_app_id%3A7519%3Blayer_buckets%3A955.3629_5437.25236_6059.28891_955.3630%3Bpos%3A4%3B,7600.00,7600.00,https://my-live-02.slatic.net/p/eb03fa6c4b204bacce56e9b9e5f14f10.jpg
125,Kim khÃ¢u len,//www.lazada.vn/products/kim-khau-len-i397938655-s684030127.html?scm=1007.17519.162103.0&pvid=2f6f551b-1378-4cae-a0e2-8becc5dff56d&search=0&clickTrackInfo=tctags%3A1285875519+801126832%3Btcsceneid%3AHPJFY%3Bbuyernid%3A53d00dd5-98d0-4189-df16-5cac512bb437%3Btcboost%3A0%3Bpvid%3A2f6f551b-1378-4cae-a0e2-8becc5dff56d%3Bchannel_id%3A0000%3Bmt%3Ahot%3Bitem_id%3A397938655%3Bself_ab_id%3A162103%3Bself_app_id%3A7519%3Blayer_buckets%3A955.3629_5437.25236_6059.28891_955.3630%3Bpos%3A5%3B,1657.00,1657.00,https://vn-test-11.slatic.net/p/ecd5fe78f4ceb43ff22ca78afddb13c2.jpg_400x400Q100.jpg_.webp
126,[HCM]TÃºi Lá»c Sá»¯a Äáº­u NÃ nh Lá»c NÆ°á»›c Cá»‘t Dá»«a,//www.lazada.vn/products/hcmtui-loc-sua-dau-nanh-loc-nuoc-cot-dua-i556752835-s1198454894.html?scm=1007.17519.162103.0&pvid=2f6f551b-1378-4cae-a0e2-8becc5dff56d&search=0&clickTrackInfo=tcsceneid%3AHPJFY%3Bbuyernid%3A53d00dd5-98d0-4189-df16-5cac512bb437%3Btcboost%3A0%3Bpvid%3A2f6f551b-1378-4cae-a0e2-8becc5dff56d%3Bchannel_id%3A0000%3Bmt%3Ahot%3Bitem_id%3A556752835%3Bself_ab_id%3A162103%3Bself_app_id%3A7519%3Blayer_buckets%3A955.3629_5437.25236_6059.28891_955.3630%3Bpos%3A6%3B,9500.00,9500.00,https://vn-test-11.slatic.net/p/f733aec28a9d4e6674875edb11dc7134.jpg_400x400Q100.jpg_.webp
127,Combo 2 NÆ°á»›c xá»‹t khoÃ¡ng dÆ°á»¡ng da Bio-Essence Bio-Water Energizing Water 100ml,//www.lazada.vn/products/combo-2-nuoc-xit-khoang-duong-da-bio-essence-bio-water-energizing-water-100ml-i518144407-s1040072820.html?scm=1007.17519.162103.0&pvid=2f6f551b-1378-4cae-a0e2-8becc5dff56d&search=0&clickTrackInfo=tctags%3A1498575426+1285875519+881530391%3Btcsceneid%3AHPJFY%3Bbuyernid%3A53d00dd5-98d0-4189-df16-5cac512bb437%3Btcboost%3A0%3Bpvid%3A2f6f551b-1378-4cae-a0e2-8becc5dff56d%3Bchannel_id%3A0000%3Bmt%3Ahot%3Bitem_id%3A518144407%3Bself_ab_id%3A162103%3Bself_app_id%3A7519%3Blayer_buckets%3A955.3629_5437.25236_6059.28891_955.3630%3Bpos%3A7%3B,169000.00,169000.00,https://vn-test-11.slatic.net/p/83debdcdc9359878c091afe5cb95e46e.jpg_400x400Q100.jpg_.webp
128,"Cá»C Gáº¤U DÃN TÆ¯á»œNG - Ly Cá»‘c DÃ¡n TÆ°á»ng HÃ¬nh Gáº¥u NÃ¢u Äá»±ng BÃ n Cháº£i, Kem ÄÃ¡nh RÄƒng, Äá»“ DÃ¹ng NhÃ  Táº¯m",//www.lazada.vn/products/coc-gau-dan-tuong-ly-coc-dan-tuong-hinh-gau-nau-dung-ban-chai-kem-danh-rang-do-dung-nha-tam-i1062214044-s3643538260.html?scm=1007.17519.162103.0&pvid=2f6f551b-1378-4cae-a0e2-8becc5dff56d&search=0&clickTrackInfo=tctags%3A1285875519%3Btcsceneid%3AHPJFY%3Bbuyernid%3A53d00dd5-98d0-4189-df16-5cac512bb437%3Btcboost%3A0%3Bpvid%3A2f6f551b-1378-4cae-a0e2-8becc5dff56d%3Bchannel_id%3A0000%3Bmt%3Ahot%3Bitem_id%3A1062214044%3Bself_ab_id%3A162103%3Bself_app_id%3A7519%3Blayer_buckets%3A955.3629_5437.25236_6059.28891_955.3630%3Bpos%3A8%3B,11940.00,11940.00,https://vn-test-11.slatic.net/p/2007f8f3701ac899822d71af279ed7e1.jpg_400x400Q100.jpg_.webp
129,Combo 3 Gia Vá»‹ HoÃ n Chá»‰nh Barona Há»§ Tiáº¿u Nam Vang 80g Táº¶NG 1 hÅ© sa táº¿ TÃ´m XO ThÆ°á»£ng háº¡ng Barona 100g,//www.lazada.vn/products/combo-3-gia-vi-hoan-chinh-barona-hu-tieu-nam-vang-80g-tang-1-hu-sa-te-tom-xo-thuong-hang-barona-100g-i1309114972-s5095587905.html?scm=1007.17519.162103.0&pvid=2f6f551b-1378-4cae-a0e2-8becc5dff56d&search=0&clickTrackInfo=tctags%3A458450836%3Btcsceneid%3AHPJFY%3Bbuyernid%3A53d00dd5-98d0-4189-df16-5cac512bb437%3Btcboost%3A0%3Bpvid%3A2f6f551b-1378-4cae-a0e2-8becc5dff56d%3Bchannel_id%3A0000%3Bmt%3Ahot%3Bitem_id%3A1309114972%3Bself_ab_id%3A162103%3Bself_app_id%3A7519%3Blayer_buckets%3A955.3629_5437.25236_6059.28891_955.3630%3Bpos%3A9%3B,47600.00,47600.00,https://vn-test-11.slatic.net/p/a316467d9fcaa1e3b1af6aa51677d8e5.jpg_400x400Q100.jpg_.webp
130,[HCM]ViÃªn sÃºp náº¥u bÃºn bÃ² Ã”ng chÃ  vÃ (combo 3 há»™p),//www.lazada.vn/products/hcmvien-sup-nau-bun-bo-ong-cha-vacombo-3-hop-i1413645564-s5847848937.html?scm=1007.17519.162103.0&pvid=2f6f551b-1378-4cae-a0e2-8becc5dff56d&search=0&clickTrackInfo=tctags%3A1472805102%3Btcsceneid%3AHPJFY%3Bbuyernid%3A53d00dd5-98d0-4189-df16-5cac512bb437%3Btcboost%3A0%3Bpvid%3A2f6f551b-1378-4cae-a0e2-8becc5dff56d%3Bchannel_id%3A0000%3Bmt%3Ahot%3Bitem_id%3A1413645564%3Bself_ab_id%3A162103%3Bself_app_id%3A7519%3Blayer_buckets%3A955.3629_5437.25236_6059.28891_955.3630%3Bpos%3A10%3B,20000.00,20000.00,https://vn-test-11.slatic.net/p/3efb61608d706ae10dc54f087f55fdfc.jpg_400x400Q100.jpg_.webp
131,"TÃ´ng Ä‘Æ¡ cáº¯t tÃ³c gia Ä‘Ã¬nh cao cáº¥p, tháº¿ há»‡ má»›i. TÃ´ng Ä‘Æ¡ cáº¯t tÃ³c tráº» em, ngÆ°á»i lá»›n chÃ­nh hÃ£ng, Báº¢O HÃ€NH 1 Äá»”I 1 TRONG 6 THÃNG",//www.lazada.vn/products/tong-do-cat-toc-gia-dinh-cao-cap-the-he-moi-tong-do-cat-toc-tre-em-nguoi-lon-chinh-hang-bao-hanh-1-doi-1-trong-6-thang-i1468770625-s6098911329.html?scm=1007.17519.162103.0&pvid=2f6f551b-1378-4cae-a0e2-8becc5dff56d&search=0&clickTrackInfo=tctags%3A1498575426+2024240392%3Btcsceneid%3AHPJFY%3Bbuyernid%3A53d00dd5-98d0-4189-df16-5cac512bb437%3Btcboost%3A0%3Bpvid%3A2f6f551b-1378-4cae-a0e2-8becc5dff56d%3Bchannel_id%3A0000%3Bmt%3Ahot%3Bitem_id%3A1468770625%3Bself_ab_id%3A162103%3Bself_app_id%3A7519%3Blayer_buckets%3A955.3629_5437.25236_6059.28891_955.3630%3Bpos%3A11%3B,159000.00,159000.00,https://vn-test-11.slatic.net/p/4415bf07c6c8b50280395609e9da1569.jpg_400x400Q100.jpg_.webp
132,Houseeker bá»™ 19 mÃ³n dá»¥ng cá»¥ lÃ m bÃ¡nh miÃªÌ£ng hoa duÌ€ng Ä‘ÃªÌ‰ laÌ€m baÌnh quy baÌnh ngoÌ£t tiá»‡n dá»¥ng - INTL,//www.lazada.vn/products/houseeker-bo-19-mon-dung-cu-lam-banh-mieng-hoa-dung-de-lam-banh-quy-banh-ngot-tien-dung-intl-i323944593-s519068082.html?scm=1007.17519.162103.0&pvid=2f6f551b-1378-4cae-a0e2-8becc5dff56d&search=0&clickTrackInfo=tctags%3A1285875519%3Btcsceneid%3AHPJFY%3Bbuyernid%3A53d00dd5-98d0-4189-df16-5cac512bb437%3Btcboost%3A0%3Bpvid%3A2f6f551b-1378-4cae-a0e2-8becc5dff56d%3Bchannel_id%3A0000%3Bmt%3Ahot%3Bitem_id%3A323944593%3Bself_ab_id%3A162103%3Bself_app_id%3A7519%3Blayer_buckets%3A955.3629_5437.25236_6059.28891_955.3630%3Bpos%3A12%3B,51255.00,51255.00,https://my-live-02.slatic.net/p/27b7b159bdc309372e6212f3de4f468b.jpg
133,"Ly Thá»§y Tinh Ocean Chia Váº¡ch Top Drink 625 ml | OCEB.00322 , Nháº­p kháº©u ThÃ¡i Lan",//www.lazada.vn/products/ly-thuy-tinh-ocean-chia-vach-top-drink-625-ml-oceb00322-nhap-khau-thai-lan-i1174910227-s4334626488.html?scm=1007.17519.162103.0&pvid=2f6f551b-1378-4cae-a0e2-8becc5dff56d&search=0&clickTrackInfo=tctags%3A1285875519%3Btcsceneid%3AHPJFY%3Bbuyernid%3A53d00dd5-98d0-4189-df16-5cac512bb437%3Btcboost%3A0%3Bpvid%3A2f6f551b-1378-4cae-a0e2-8becc5dff56d%3Bchannel_id%3A0000%3Bmt%3Ahot%3Bitem_id%3A1174910227%3Bself_ab_id%3A162103%3Bself_app_id%3A7519%3Blayer_buckets%3A955.3629_5437.25236_6059.28891_955.3630%3Bpos%3A13%3B,28000.00,28000.00,https://vn-test-11.slatic.net/p/e0212ccb0ebd0820d18a5a7047457602.jpg_400x400Q100.jpg_.webp
134,Dá»¥ng Cá»¥ Cá» LÆ°ng Silicon 2 máº·t kienhihi,//www.lazada.vn/products/dung-cu-co-lung-silicon-2-mat-kienhihi-i571588555-s1256172627.html?scm=1007.17519.162103.0&pvid=2f6f551b-1378-4cae-a0e2-8becc5dff56d&search=0&clickTrackInfo=tcsceneid%3AHPJFY%3Bbuyernid%3A53d00dd5-98d0-4189-df16-5cac512bb437%3Btcboost%3A0%3Bpvid%3A2f6f551b-1378-4cae-a0e2-8becc5dff56d%3Bchannel_id%3A0000%3Bmt%3Ahot%3Bitem_id%3A571588555%3Bself_ab_id%3A162103%3Bself_app_id%3A7519%3Blayer_buckets%3A955.3629_5437.25236_6059.28891_955.3630%3Bpos%3A15%3B,50000.00,50000.00,https://vn-test-11.slatic.net/p/dca66352530d31e04cc71dbfadc10090.jpg_400x400Q100.jpg_.webp
135,GiÃ¡ Äá»¡ Äiá»‡n Thoáº¡i livestream K03 xem video á»”n Äá»‹nh Xoay 360 Äá»™ dÃ¹ng Ä‘á»ƒ Quay Phim Ghi HÃ¬nh Äa Dá»¥ng,//www.lazada.vn/products/gia-do-dien-thoai-livestream-k03-xem-video-on-dinh-xoay-360-do-dung-de-quay-phim-ghi-hinh-da-dung-i1255802993-s6075124303.html?scm=1007.17519.162103.0&pvid=2f6f551b-1378-4cae-a0e2-8becc5dff56d&search=0&clickTrackInfo=tctags%3A1498575426+830083863+1285875519%3Btcsceneid%3AHPJFY%3Bbuyernid%3A53d00dd5-98d0-4189-df16-5cac512bb437%3Btcboost%3A0%3Bpvid%3A2f6f551b-1378-4cae-a0e2-8becc5dff56d%3Bchannel_id%3A0000%3Bmt%3Ahot%3Bitem_id%3A1255802993%3Bself_ab_id%3A162103%3Bself_app_id%3A7519%3Blayer_buckets%3A955.3629_5437.25236_6059.28891_955.3630%3Bpos%3A16%3B,27000.00,27000.00,https://vn-test-11.slatic.net/p/bdac3c05ee099b10324ea6efce3a7e08.png_400x400Q100.jpg_.webp
136,[DÃ¢y LÆ°ng Máº«u Má»›i] Tháº¯t LÆ°ng Da Nam KhÃ³a Tá»± Äá»™ng Cao Cáº¥p. DÃ¢y Ná»‹t Nam Da BÃ² 100% ChÃ­nh HÃ£ng Máº¡ VÃ ng Báº¡c Äen Nam TÃ­nh,//www.lazada.vn/products/day-lung-mau-moi-that-lung-da-nam-khoa-tu-dong-cao-cap-day-nit-nam-da-bo-100-chinh-hang-ma-vang-bac-den-nam-tinh-i1385455939-s5738832638.html?scm=1007.17519.162103.0&pvid=2f6f551b-1378-4cae-a0e2-8becc5dff56d&search=0&clickTrackInfo=tctags%3A1285875519+2024240392+1498575426%3Btcsceneid%3AHPJFY%3Bbuyernid%3A53d00dd5-98d0-4189-df16-5cac512bb437%3Btcboost%3A0%3Bpvid%3A2f6f551b-1378-4cae-a0e2-8becc5dff56d%3Bchannel_id%3A0000%3Bmt%3Ahot%3Bitem_id%3A1385455939%3Bself_ab_id%3A162103%3Bself_app_id%3A7519%3Blayer_buckets%3A955.3629_5437.25236_6059.28891_955.3630%3Bpos%3A17%3B,72800.00,72800.00,https://vn-test-11.slatic.net/p/49dd338aafc3eb0517370ee0dec766cf.jpg_400x400Q100.jpg_.webp
137,"Tai nghe Buletooth chÃ­nh hÃ£ng khÃ´ng dÃ¢y tháº¿ há»‡ má»›i 5.0 , tai nghe cáº£m á»©ng thÃ´ng minh,xá»‹n há»— trá»£ káº¿t ná»‘i má»i dÃ²ng mÃ¡y, mÃ u sáº¯c Há»’NG/TRáº®NG/XANH táº·ng kÃ¨m vá»",//www.lazada.vn/products/tai-nghe-buletooth-chinh-hang-khong-day-the-he-moi-50-tai-nghe-cam-ung-thong-minhxin-ho-tro-ket-noi-moi-dong-may-mau-sac-hongtrangxanh-tang-kem-vo-i789292708-s2125916330.html?scm=1007.17519.162103.0&pvid=2f6f551b-1378-4cae-a0e2-8becc5dff56d&search=0&clickTrackInfo=tctags%3A1498575426+881530391%3Btcsceneid%3AHPJFY%3Bbuyernid%3A53d00dd5-98d0-4189-df16-5cac512bb437%3Btcboost%3A0%3Bpvid%3A2f6f551b-1378-4cae-a0e2-8becc5dff56d%3Bchannel_id%3A0000%3Bmt%3Ahot%3Bitem_id%3A789292708%3Bself_ab_id%3A162103%3Bself_app_id%3A7519%3Blayer_buckets%3A955.3629_5437.25236_6059.28891_955.3630%3Bpos%3A18%3B,75000.00,75000.00,https://vn-test-11.slatic.net/p/90743418d414f115d0c4fc92afd0a11c.jpg_400x400Q100.jpg_.webp
138,"[SÆ¯U Táº¦M NGAY MÃƒ GIáº¢M GIÃ 20.000Ä CHO ÄÆ N HÃ€NG Tá»I THIá»‚U 300.000Ä] Kháº©u trang KF94 cho bÃ©, Set 10 kháº©u trang cho bÃ© sÆ¡ sinh tiÃªu chuáº©n HÃ n Quá»‘c Ã´m sÃ¡t khuÃ´n máº·t, chá»‘ng bá»¥i siÃªu má»‹n PM2.5 Baby-S â€“ SM015",//www.lazada.vn/products/suu-tam-ngay-ma-giam-gia-20000d-cho-don-hang-toi-thieu-300000d-khau-trang-kf94-cho-be-set-10-khau-trang-cho-be-so-sinh-tieu-chuan-han-quoc-om-sat-khuon-mat-chong-bui-sieu-min-pm25-baby-s-sm015-i1474811209-s6130895966.html?scm=1007.17519.162103.0&pvid=2f6f551b-1378-4cae-a0e2-8becc5dff56d&search=0&clickTrackInfo=tcsceneid%3AHPJFY%3Bbuyernid%3A53d00dd5-98d0-4189-df16-5cac512bb437%3Btcboost%3A0%3Bpvid%3A2f6f551b-1378-4cae-a0e2-8becc5dff56d%3Bchannel_id%3A0000%3Bmt%3Ahot%3Bitem_id%3A1474811209%3Bself_ab_id%3A162103%3Bself_app_id%3A7519%3Blayer_buckets%3A955.3629_5437.25236_6059.28891_955.3630%3Bpos%3A19%3B,4850.00,4850.00,https://vn-test-11.slatic.net/p/6b04e4d3f184e94e4751d9d9d06bb0be.jpg_400x400Q100.jpg_.webp
139,BÃNH PHá» 500GR bÃ¡nh phá»Ÿ khÃ´ BÃ¬nh TÃ¢y - Chá»n loáº¡i,//www.lazada.vn/products/banh-pho-500gr-banh-pho-kho-binh-tay-chon-loai-i1437192715-s6097282623.html?scm=1007.17519.162103.0&pvid=2f6f551b-1378-4cae-a0e2-8becc5dff56d&search=0&clickTrackInfo=tctags%3A1285875519%3Btcsceneid%3AHPJFY%3Bbuyernid%3A53d00dd5-98d0-4189-df16-5cac512bb437%3Btcboost%3A0%3Bpvid%3A2f6f551b-1378-4cae-a0e2-8becc5dff56d%3Bchannel_id%3A0000%3Bmt%3Ahot%3Bitem_id%3A1437192715%3Bself_ab_id%3A162103%3Bself_app_id%3A7519%3Blayer_buckets%3A955.3629_5437.25236_6059.28891_955.3630%3Bpos%3A20%3B,9770.00,9770.00,https://vn-test-11.slatic.net/p/82d66a11e6b4c6bc593ee662b97d9fe8.jpg_400x400Q100.jpg_.webp
140,"WU FANG Jam Cake BÃºt Graffiti Tá»± LÃ m, BÃºt Kem BÃºt Trang TrÃ­ Silica Gel, Dá»¥ng Cá»¥ LÃ m BÃ¡nh Viáº¿t SÃ´ CÃ´ La",//www.lazada.vn/products/wu-fang-jam-cake-but-graffiti-tu-lam-but-kem-but-trang-tri-silica-gel-dung-cu-lam-banh-viet-so-co-la-i541116428-s1132614515.html?scm=1007.17519.162103.0&pvid=2f6f551b-1378-4cae-a0e2-8becc5dff56d&search=0&clickTrackInfo=tctags%3A1285875519%3Btcsceneid%3AHPJFY%3Bbuyernid%3A53d00dd5-98d0-4189-df16-5cac512bb437%3Btcboost%3A0%3Bpvid%3A2f6f551b-1378-4cae-a0e2-8becc5dff56d%3Bchannel_id%3A0000%3Bmt%3Ahot%3Bitem_id%3A541116428%3Bself_ab_id%3A162103%3Bself_app_id%3A7519%3Blayer_buckets%3A955.3629_5437.25236_6059.28891_955.3630%3Bpos%3A21%3B,12600.00,12600.00,https://my-live-02.slatic.net/p/d7a7d36a6b321e4f243766d4c189c15d.jpg
141,[HCM]COMBO 3 QUáº¦N ÄÃ™I NAM ( HÃŒNH CON NAI) Váº¢I COTTON Má»€M MÃT Tá»ª 45-85KG,//www.lazada.vn/products/hcmcombo-3-quan-dui-nam-hinh-con-nai-vai-cotton-mem-mat-tu-45-85kg-i474832859-s904604549.html?scm=1007.17519.162103.0&pvid=2f6f551b-1378-4cae-a0e2-8becc5dff56d&search=0&clickTrackInfo=tctags%3A1285875519%3Btcsceneid%3AHPJFY%3Bbuyernid%3A53d00dd5-98d0-4189-df16-5cac512bb437%3Btcboost%3A0%3Bpvid%3A2f6f551b-1378-4cae-a0e2-8becc5dff56d%3Bchannel_id%3A0000%3Bmt%3Ahot%3Bitem_id%3A474832859%3Bself_ab_id%3A162103%3Bself_app_id%3A7519%3Blayer_buckets%3A955.3629_5437.25236_6059.28891_955.3630%3Bpos%3A22%3B,91430.00,91430.00,https://vn-test-11.slatic.net/p/c8442f4f1957d0b02ea9bdb8adf35b66.jpg_400x400Q100.jpg_.webp
142,500g khÃ´ heo giáº£ bÃ² loáº¡i 1 ngon Ä‘áº·c biá»‡t,//www.lazada.vn/products/500g-kho-heo-gia-bo-loai-1-ngon-dac-biet-i298724612-s478292531.html?scm=1007.17519.162103.0&pvid=2f6f551b-1378-4cae-a0e2-8becc5dff56d&search=0&clickTrackInfo=tctags%3A1285875519%3Btcsceneid%3AHPJFY%3Bbuyernid%3A53d00dd5-98d0-4189-df16-5cac512bb437%3Btcboost%3A0%3Bpvid%3A2f6f551b-1378-4cae-a0e2-8becc5dff56d%3Bchannel_id%3A0000%3Bmt%3Ahot%3Bitem_id%3A298724612%3Bself_ab_id%3A162103%3Bself_app_id%3A7519%3Blayer_buckets%3A955.3629_5437.25236_6059.28891_955.3630%3Bpos%3A23%3B,45470.00,45470.00,https://vn-test-11.slatic.net/p/1bc7c68cd59156bcbb7b8122e03324aa.jpg_400x400Q100.jpg_.webp
143,Muá»—ng Káº¹p Thá»©c Ä‚n Náº¥u Ä‚n RÃ¢y Lá»c LÆ°á»›i ChiÃªn Báº±ng Inox Dá»¥ng Cá»¥ Lá»c Dáº§u Dá»¥ng Cá»¥ Tá»± Chá»n Salad BBQ Phá»¥ Kiá»‡n NhÃ  Báº¿p,//www.lazada.vn/products/muong-kep-thuc-an-nau-an-ray-loc-luoi-chien-bang-inox-dung-cu-loc-dau-dung-cu-tu-chon-salad-bbq-phu-kien-nha-bep-i281640996-s441312508.html?scm=1007.17519.162103.0&pvid=2f6f551b-1378-4cae-a0e2-8becc5dff56d&search=0&clickTrackInfo=tcsceneid%3AHPJFY%3Bbuyernid%3A53d00dd5-98d0-4189-df16-5cac512bb437%3Btcboost%3A0%3Bpvid%3A2f6f551b-1378-4cae-a0e2-8becc5dff56d%3Bchannel_id%3A0000%3Bmt%3Ahot%3Bitem_id%3A281640996%3Bself_ab_id%3A162103%3Bself_app_id%3A7519%3Blayer_buckets%3A955.3629_5437.25236_6059.28891_955.3630%3Bpos%3A24%3B,22570.00,22570.00,https://my-live-02.slatic.net/p/5ca4913b538cbc152e5e4f70022ab5ba.jpg
144,[HCM]Combo 10 gÃ³i khÄƒn giáº¥y cao cáº¥p vinatissue (280 tá»/1 gÃ³i),//www.lazada.vn/products/hcmcombo-10-goi-khan-giay-cao-cap-vinatissue-280-to1-goi-i1466822316-s6085922263.html?scm=1007.17519.162103.0&pvid=2f6f551b-1378-4cae-a0e2-8becc5dff56d&search=0&clickTrackInfo=tcsceneid%3AHPJFY%3Bbuyernid%3A53d00dd5-98d0-4189-df16-5cac512bb437%3Btcboost%3A0%3Bpvid%3A2f6f551b-1378-4cae-a0e2-8becc5dff56d%3Bchannel_id%3A0000%3Bmt%3Ahot%3Bitem_id%3A1466822316%3Bself_ab_id%3A162103%3Bself_app_id%3A7519%3Blayer_buckets%3A955.3629_5437.25236_6059.28891_955.3630%3Bpos%3A25%3B,164900.00,164900.00,https://filebroker-cdn.lazada.vn/kf/S95e5b179db7742168318811cfe9029490.jpg
